{"cameraMode":{"drawMode":0,"name":"Shaded","section":"Shading Mode"},"sceneLighting":false,"audioPlay":false,"sceneViewState":{"showFog":true,"showMaterialUpdate":false,"showSkybox":true,"showFlares":true,"showImageEffects":true,"showParticleSystems":true},"in2DMode":false,"pivot":{"x":8.036660194396973,"y":0.5025134086608887,"z":11.849245071411133},"rotation":{"x":0.0014661038294434548,"y":0.21139311790466309,"z":-0.0003170657146256417,"w":0.9774011373519898},"size":20.77969741821289,"orthographic":false}